Loan Date,Lender,Block,Street Direction,Street Name,Street Type,City,State,Zip,Ward,Industry,Latitude,Longitude,Location
04/24/2014,Accion,,,,,Chicago,IL,60621,,Other Services,,,
09/06/2013,Accion,101XX,S,S,Lafayette,Chicago,IL,60628,9,Construction/Repair,,,
08/13/2013,CNI,108XX,S,King Drive,Avenue,Chicago,IL,60628,9,Food/Beverage,,,
12/02/2014,Accion,148XX, ,Evans,Avenue,Dolton,IL,60620,,Construction/Repair,,,
04/14/2014,Accion,032XX,W,71st St.,Place,Chicago,IL,60629,17,Day Care,,,
03/05/2015,Accion,000XX,,,,Chicago,IL,60636,,Other Construction/Repair,,,
03/24/2015,Accion,000XX,,,,Chicago,IL,60680,,Other Services,,,
03/16/2015,Accion,135XX,S,Brainard,Avenue,Chicago,IL,60633,10,Food/Beverage,41.648211288,-87.545772832,"(41.648211, -87.545773)"
11/20/2014,Accion,010XX,E,76th,Street,Chicago,IL,60619,8,Beauty/Salon Services,41.75705433,-87.598819545,"(41.757054, -87.59882)"
07/08/2014,Accion,040XX,N,Drake,Avenue,Chicago,IL,60618,35,Other Services,41.955304751,-87.716779636,"(41.955305, -87.71678)"
08/25/2013,Accion,033XX,N,Oleander,St.,Chicago,IL,60634,29,Construction/Repair,41.94107163,-87.815556357,"(41.941072, -87.815556)"
01/10/2013,CNI,052XX,S ,Harper,Street,Chicago,IL,60615,4,Retail Sales - Other,41.799563261,-87.589239073,"(41.799563, -87.589239)"
12/12/2014,Accion,101XX,S,Lafayette,Street,Chicago,IL,60628,9,Construction/Repair,41.709285897,-87.624925274,"(41.709286, -87.624925)"
04/01/2015,CNI,085XX,S,Racine,Avenue,Chicago,IL,60620,21,Other Services - Tire Repair,41.738069556,-87.653544944,"(41.73807, -87.653545)"
11/25/2014,Accion,078XX,S,Shore,Drive,Chicago,IL,60649,7,transportation,41.753007302,-87.549326948,"(41.753007, -87.549327)"
05/08/2014,CNI,039XX,W,Lawrence,Avenue,Chicago,IL,60625,39,Construction/Repair,41.968356466,-87.727656367,"(41.968356, -87.727656)"
06/16/2015,Accion,042XX,N,Cicero,Avenue,Chicago,IL,60641,45,Professional/Off Svc,41.958555449,-87.747611909,"(41.958555, -87.747612)"
10/02/2013,WBDC,053XX,S,Hyde Park,Boulevard,Chicago,IL ,60653,5,Professional/Off Svc,41.79821668,-87.58416835,"(41.798217, -87.584168)"
03/17/2015,Accion,025XX,W,16th,Street,Chicago,IL,60608,28,Entertainment,41.859403662,-87.690337461,"(41.859404, -87.690337)"
06/12/2013,WBDC,007XX,N,Sacramento,Street,Chicago,IL,60612,27,Other Services,41.895305694,-87.702341905,"(41.895306, -87.702342)"
05/23/2013,Accion,038XX,W,Chicago,Avenue,Chicago,IL,60651,37,Professional/Off Svc,41.895502619,-87.723239039,"(41.895503, -87.723239)"
12/11/2015,WBDC,022XX,S,Throop,Street,Chicago,IL,60608,25,Retail Sales - Other,41.85096156,-87.658810143,"(41.850962, -87.65881)"
08/28/2013,Accion,045XX,W,Irving Pk.,Rd.,Chicago,IL,60657,45,Retail Sales - Other,41.953583501,-87.742578071,"(41.953584, -87.742578)"
04/24/2013,Accion,040XX,N,Drake,Avenue,Chicago,IL,60618,35,Other Services,41.955304751,-87.716779636,"(41.955305, -87.71678)"
06/26/2014,Accion,012XX,W,Lake,Street,Chicago,IL,60607,27,Entertainment,41.885583712,-87.658758596,"(41.885584, -87.658759)"
01/15/2016,CNI,008XX,E,40th ,Street,Chicago,IL,60653,4,Other Services,41.821834711,-87.604472033,"(41.821835, -87.604472)"
03/23/2015,Accion,047XX,N,Sawyer,Avenue,Chicago,IL,60625,33,Other Services,41.968126183,-87.709826697,"(41.968126, -87.709827)"
08/06/2015,CNI,089XX,S,Blackstone,Street,Chicago,IL,60619,8,Transportation,41.731729337,-87.588167875,"(41.731729, -87.588168)"
02/12/2015,Accion,014XX,N,Milwaukee,Avenue,Chicago,IL,60622,1,Retail sales,41.908161631,-87.67422876,"(41.908162, -87.674229)"
12/04/2014,Accion,018XX,N,Monitor,Street,Chicago,IL,60639,29,Construction/Repair,41.914456401,-87.7717878,"(41.914456, -87.771788)"
11/30/2013,Accion,041XX,S,Ashland,Avenue,Chicago,IL,60609,12,Other Services,41.818054515,-87.665341967,"(41.818055, -87.665342)"
03/18/2013,Accion,014XX,W,63rd,Street,Chicago,IL,60636,16,Beauty/Salon Services,41.779623958,-87.661390419,"(41.779624, -87.66139)"
07/18/2014,Accion,024XX,N,Western,Avenue,Chicago,IL,60647,1,Retail Stores,41.926433443,-87.687846644,"(41.926433, -87.687847)"
10/08/2015,WBDC,010XX,E,43rd ,Street,Chicago,IL,60653,4,Retail Sales - Other,41.817000516,-87.599814358,"(41.817001, -87.599814)"
08/28/2015,Accion,080XX,S,Normal,Avenue,Chicago,IL,60620,17,Other Services,41.747411671,-87.636787879,"(41.747412, -87.636788)"
02/23/2015,Accion,019XX,W,103rd,Street,Chicago,IL,60643,19,Other Services,41.706669083,-87.671082793,"(41.706669, -87.671083)"
02/28/2013,CNI,052XX,S,May,Street,Chicago,IL,60643,16,Construction/Repair,41.798138001,-87.653908838,"(41.798138, -87.653909)"
06/28/2013,Accion,007XX,N,Austin,Avenue,Chicago,IL,60644,29,Medical Services,41.894322521,-87.775263449,"(41.894323, -87.775263)"
04/05/2013,Accion,002XX,S,Wacker,Drive,Chicago,IL,60606,42,Other Services,41.878138181,-87.637064995,"(41.878138, -87.637065)"
02/27/2013,Accion,016XX,W,18th,Street,Chicago,IL,60608,25,Food/Beverage,41.857871405,-87.668270534,"(41.857871, -87.668271)"
02/20/2013,Accion,005XX,N,Michigan,Avenue,Chicago,IL,60611,42,Food/Beverage,41.892511145,-87.624330958,"(41.892511, -87.624331)"
08/08/2013,WBDC,010XX,S,Western,Avenue,Chicago,IL,60612,25,Retail Sales - Other,41.868456183,-87.686235717,"(41.868456, -87.686236)"
08/30/2013,Accion,041XX,W,81st,Street,Chicago,IL,60652,18,Professional/Off Svc,41.745819843,-87.726010365,"(41.74582, -87.72601)"
05/31/2013,Accion,043XX,N,Lincoln,Avenue,Chicago,IL,60618,47,Medical Services,41.9611988,-87.683869818,"(41.961199, -87.68387)"
03/12/2015,Accion,039XX,W,Armitage,Avenue,Chicago ,IL,60647,26,Auto/Vehicle,41.917280964,-87.726185515,"(41.917281, -87.726186)"
11/24/2014,Accion,048XX,S,Evans,Street,Chicago,IL,60615,4,Medical Services,41.806193422,-87.607859643,"(41.806193, -87.60786)"
06/30/2014,Accion,017XX,W,North,Avenue,Chicago,IL,60622,32,Retail Stores,41.910676883,-87.672126285,"(41.910677, -87.672126)"
10/07/2013,WBDC,006XX,W,Cermak,Avenue,Chicago,IL,60608,25,Other Services,41.852790641,-87.64364221,"(41.852791, -87.643642)"
03/30/2015,Accion,013XX,W,Wrightwood,Avenue,Chicago,IL,60614,32,Retail Sales ,41.928964527,-87.663049927,"(41.928965, -87.66305)"
10/20/2014,Accion,111XX,S,Western,Avenue,Chicago,IL,60643,19,Medical Services,41.690214082,-87.681251795,"(41.690214, -87.681252)"
06/14/2013,Accion,017XX,W,Chicago,Avenue,Chicago,IL,60622,1,Other Services,41.896110115,-87.671694946,"(41.89611, -87.671695)"
10/07/2013,WBDC,011XX,S,State,Street,Chicago,IL,60605,2,Other Services,41.867936373,-87.627580413,"(41.867936, -87.62758)"
04/26/2013,Accion,011XX,W,111th,Street,Chicago,IL,60643,34,Food/Beverage,41.692353493,-87.651688246,"(41.692353, -87.651688)"
11/06/2014,Accion,111XX,S,Longwood,Drive,Chicago,IL,60643,19,Professional/Off Svc,41.690441874,-87.672331394,"(41.690442, -87.672331)"
08/31/2015,Accion,087XX,S,Racine,Avenue,Chicago,IL,60620,21,Retail Services - Other,41.734425227,-87.653443031,"(41.734425, -87.653443)"
05/01/2015,WBDC,027XX,W,Potomac,Avenue,Chicago,IL,60622,26,Retail Sales - Other,41.904865295,-87.696497802,"(41.904865, -87.696498)"
10/07/2013,WBDC,000XX,E,14th,Street,Chicago,IL,60605,2,Professional/Off Svc,41.864181307,-87.625403212,"(41.864181, -87.625403)"
07/15/2013,WBDC,003XX,W,18th,Street,Chicago,IL,60616,25,Construction/Repair,41.857814473,-87.636746844,"(41.857814, -87.636747)"
12/23/2015,CNI,000XX,N,Wacker,Drive,Chicago,IL,60606,42,Professional/Off Svc,41.883134296,-87.637191526,"(41.883134, -87.637192)"
08/30/2013,Accion,004XX,E,Randolph,Street,Chicago,IL,60601,42,Auto/Vehicle,41.884483688,-87.615456174,"(41.884484, -87.615456)"
08/15/2014,Accion,038XX,N,Lincoln,Avenue,Chicago,IL,60613,47,Education,41.951797588,-87.677279839,"(41.951798, -87.67728)"
11/09/2015,WBDC,049XX,N,Francisco,Avenue,Chicago,IL,60625,40,Enviromental Consulting,41.972082832,-87.701396229,"(41.972083, -87.701396)"
03/15/2013,CNI,003XX,E,79th,Street,Chicago,IL,60619,6,Retail Sales - Other,41.75120691,-87.616146156,"(41.751207, -87.616146)"
12/11/2015,CNI,089XX,S,Euclid,Avenue,Chicago,IL,60617,8,Other Services - Education,41.731882963,-87.576953624,"(41.731883, -87.576954)"
04/09/2014,Accion,073XX,S,Artesian,Avenue,Chicago,IL,60629,18,Retail Sales - Other,41.759524141,-87.684473522,"(41.759524, -87.684474)"
05/07/2013,Accion,093XX,S,Halsted,Street,Chicago,IL,60620,21,Beauty/Salon Services,41.72357081,-87.643414424,"(41.723571, -87.643414)"
05/20/2014,Accion,055XX,W,Belmont,Avenue,Chicago,IL,60641,31,Professional/Off Svc,41.938688594,-87.766123438,"(41.938689, -87.766123)"
07/25/2014,Accion,046XX,S,Kolin,Avenue,Chicago,IL,60632,14,Retail Sales - Other,41.808075695,-87.732539098,"(41.808076, -87.732539)"
08/14/2014,Accion,000XX,E,102nd,Place,Chicago,IL,60628,9,Professional/Off Svc,41.708212377,-87.621623588,"(41.708212, -87.621624)"
04/24/2013,Accion,006XX,S,Wabash,Avenue,Chicago,IL,60605,4,Retail Sales - Other,41.873347292,-87.626117642,"(41.873347, -87.626118)"
06/29/2015,CNI,009XX,W,North,Avenue,Chicago,IL,60642,21,Transportation,41.910951382,-87.653010859,"(41.910951, -87.653011)"
05/15/2015,WBDC,010XX,S,Western,Avenue,Chicago,IL,60612,25,Retail Sales - Other,41.868456183,-87.686235717,"(41.868456, -87.686236)"
11/10/2012,Accion,017XX,E,71st,Street,Chicago,IL,60649,7,Professional/Off Svc,41.766297058,-87.581683507,"(41.766297, -87.581684)"
11/03/2015,WBDC,000XX,W,Schiller,Street,Chicago,IL,60610,2,Entertainment/Manufacturing,41.90796282,-87.630584687,"(41.907963, -87.630585)"
08/04/2015,CNI,056XX,,Mannheim,Road,Chicago,IL,60666,16,Other Services - Barbershop,41.981355689,-87.879182873,"(41.981356, -87.879183)"
10/20/2012,Accion,032XX,W,Douglas,Boulevard,Chicago,IL,60623,24,Professional/Off Svc,41.863049108,-87.707581493,"(41.863049, -87.707581)"
12/10/2012,Accion,007XX,E,75th,Street,Chicago,IL,60619,6,Medical Services,41.758680511,-87.605796969,"(41.758681, -87.605797)"
11/10/2012,Accion,043XX,N,Campbell,Street,Chicago,IL,60618,47,Wholesale,41.961010339,-87.691944203,"(41.96101, -87.691944)"
09/12/2013,CNI,117XX,S,Elizabeth,Street,Chicago,IL,60628,34,Construction/Repair,41.67980097,-87.653079115,"(41.679801, -87.653079)"
12/09/2013,Accion,006XX,W,Cermak,Rd.,Chicago,IL,60616,25,Wholesale,41.852790641,-87.64364221,"(41.852791, -87.643642)"
01/15/2015,CNI,053XX,S,Greenwood,Avenue,Chicago,IL,60615,5,Service,41.798022972,-87.599856389,"(41.798023, -87.599856)"
10/06/2015,Accion,017XX,W,Chicago,Avenue,Chicago,IL,60622,1,Entertainment,41.896110115,-87.671694946,"(41.89611, -87.671695)"
04/19/2013,WBDC,020XX,W,Greenleaf,Street,Chicago,IL,60645,49,,42.010263349,-87.682413424,"(42.010263, -87.682413)"
11/10/2012,Accion,017XX,N,Damen,Avenue,Chicago,IL,60647,32,Clothing/Material Production,41.913788046,-87.677684427,"(41.913788, -87.677684)"
02/13/2015,Accion,035XX,W,63rd,Street,Chicago,IL,60629,23,Restaurant - Full Service,41.77893795,-87.712384286,"(41.778938, -87.712384)"
07/23/2013,WBDC,054XX,W,Devon,Avenue,Chicago,IL,60646,39,Day Care,41.997458858,-87.765754186,"(41.997459, -87.765754)"
04/29/2013,Accion,002XX,W,St. Paul,Street,Chicago,IL,60614,43,Professional/Off Svc,41.913707771,-87.636695887,"(41.913708, -87.636696)"
,WBDC,038XX,N,Cicero,Avenue,Chicago,IL,60641,38,Retail Sales - Other,41.951291257,-87.74740523,"(41.951291, -87.747405)"
01/30/2015,WBDC,007XX,W,Washington,Street,Chicago,IL,60661,42,Professional/Off Svc,41.883256433,-87.647365592,"(41.883256, -87.647366)"
05/20/2013,Accion,006XX,N,Milwaukee,Avenue,Chicago,IL,60642,27,Clothing/Material Production,41.893222744,-87.650960012,"(41.893223, -87.65096)"
05/01/2014,CNI,003XX,E,115th,Street,Chicago,IL,60628,9,Construction/Repair,41.685533059,-87.6135524,"(41.685533, -87.613552)"
12/23/2015,WBDC,036XX,S,Halsted,Street,Chicago,IL,60609,11,Day Care,41.827682151,-87.646181967,"(41.827682, -87.646182)"
05/18/2013,Accion,040XX,S,Kedzie,Avenue,Chicago,IL,60632,12,Food/Beverage,41.819318843,-87.704557578,"(41.819319, -87.704558)"
04/07/2015,WBDC,011XX,S,State,Street,Chicago,IL,60605,2,Other Services,41.867936373,-87.627580413,"(41.867936, -87.62758)"
05/10/2013,Accion,009XX,E,47th,Street,Chicago,IL,60653,4,Beauty/Salon Services,41.809696835,-87.601757992,"(41.809697, -87.601758)"
01/18/2016,Accion,001XX,N,Clark,St,Chicago,IL,60601,42,Other Services,41.884535737,-87.631084951,"(41.884536, -87.631085)"
02/18/2015,Accion,010XX,N,California,Avenue,Chicago,IL,60622,26,Restaurant - Full Service,41.900760711,-87.696975027,"(41.900761, -87.696975)"
12/11/2015,CNI,017XX,W,104th,Place,Chicago,IL,60643,19,Manufacturing,41.70401463,-87.66669565,"(41.704015, -87.666696)"
09/22/2015,CNI,067XX,S,South Chicago,Avenue,Chicago,IL,60637,7,Other Services,41.771818686,-87.614077935,"(41.771819, -87.614078)"
02/28/2013,Accion,113XX,S.,Bell,Avenue,Chicago,IL,60643,19,Professional/Off Svc,41.686896909,-87.676999722,"(41.686897, -87.677)"
02/16/2016,Accion,029XX,W,Pershing,Rd.,Chicago,IL,60632,12,Food/Beverage,41.822807198,-87.69911434,"(41.822807, -87.699114)"
11/19/2014,Accion,037XX,W,Cermak,Rd.,CHICAGO,IL,60623,22,Retail Stores,41.851722608,-87.719448564,"(41.851723, -87.719449)"
06/25/2013,WBDC,003XX,W,18th,Street,Chicago,IL,60616,25,Retail Sales - Other,41.857814473,-87.636746844,"(41.857814, -87.636747)"
05/02/2013,CNI,000XX,E,Washington,Street,Chicago,IL,60602,42,Professional/Off Svc,41.883330907,-87.62603979,"(41.883331, -87.62604)"
12/11/2015,Accion,043XX,N,Lincoln,Avenue,Chicago,IL,60618,47,Medical Services,41.9611988,-87.683869818,"(41.961199, -87.68387)"
06/03/2015,Accion,059XX,S,Michigan,Avenue,Chicago,IL,60637,20,Construction/Repair,41.785900266,-87.622383571,"(41.7859, -87.622384)"
04/30/2013,Accion,017XX,N,Western,Avenue,Chicago,IL,60645,1,Day Care,41.913605732,-87.687454197,"(41.913606, -87.687454)"
07/03/2013,CNI,034XX,W,76th,Place,Chicago,IL,60652,18,Construction/Repair,41.754695049,-87.709448594,"(41.754695, -87.709449)"
08/30/2013,Accion,030XX,N,Lincoln,Avenue,Chicago,IL,60641,47,Retail Sales - Other,41.937149264,-87.665352278,"(41.937149, -87.665352)"
08/21/2013,Accion,033XX,N,Paulina,Street,Chicago,IL,60626,47,Professional/Off Svc,41.942987046,-87.671331836,"(41.942987, -87.671332)"
05/30/2013,CNI,048XX,S,Forestville,Avenue,Chicago,IL,60615,4,Education,41.806118546,-87.612741496,"(41.806119, -87.612741)"
12/16/2015,Accion,038XX,W,Montrose,Avenue,Chicago,IL,60618,35,Food/Beverage,41.961091681,-87.72500737,"(41.961092, -87.725007)"
03/20/2013,Accion,033XX,W,59th ,Street,Chicago,IL,60629,23,Beauty/Salon Services,41.786287906,-87.707836726,"(41.786288, -87.707837)"
05/13/2013,Accion,002XX,N,Pulaski,Avenue,Chicago,IL,60624,28,Food/Beverage,41.884873046,-87.725935624,"(41.884873, -87.725936)"
11/10/2012,Accion,018XX,S,Clark,Street,Chicago,IL,60616,43,Clothing/Material Production,41.85663565,-87.630345428,"(41.856636, -87.630345)"
12/20/2012,Accion,006XX,E,75th,Street,Chicago,IL,60619,6,Food/Beverage,41.758642167,-87.608238768,"(41.758642, -87.608239)"
04/16/2015,Accion,001XX,S,Hamlin,Boulevard,Chicago,IL,60624,28,Other Services,41.878284228,-87.720804134,"(41.878284, -87.720804)"
04/07/2015,WBDC,017XX,W,Lawrence,Avenue,Chicago,IL,60660,47,,41.968945848,-87.67299374,"(41.968946, -87.672994)"
02/26/2015,Accion,008XX,S,Wabash,Avenue,Chicago,IL,60605,4,Electronics,41.871184354,-87.62606949,"(41.871184, -87.626069)"
01/10/2012,Accion,016XX,W,21st ,Street,Chicago,IL,60608,25,Retail Stores,41.854222612,-87.668174117,"(41.854223, -87.668174)"
05/21/2014,Accion,080XX,S,Stony Island,Avenue,Chicago,IL,60617,8,Auto/Vehicle,41.748143549,-87.586046897,"(41.748144, -87.586047)"
11/10/2014,Accion,106XX,S,Halsted,Street,Chicago,IL,60628,34,Day Care,41.69995513,-87.642763331,"(41.699955, -87.642763)"
08/28/2013,WBDC,064XX,S,Washtenaw,Avenue,Chicago,IL,60629,15,Transportation,41.77572258,-87.691015878,"(41.775723, -87.691016)"
11/27/2013,Accion,045XX,S,Leamington,Street,Chicago,IL,60638,22,Professional/Off Svc,41.809651235,-87.751917263,"(41.809651, -87.751917)"
03/19/2015,Accion,016XX,N,Tripp,Avenue,Chicago,IL,60639,26,Transportation,41.911306184,-87.732633806,"(41.911306, -87.732634)"
07/24/2014,Accion,034XX,W,Armitage,Avenue,Chicago,IL,60647,26,Retail Sales - Other,41.917434655,-87.713445161,"(41.917435, -87.713445)"
10/07/2013,WBDC,020XX,W,Belmont,Avenue,Chicago,IL,60618,32,Retail Sales - Other,41.939657595,-87.680360379,"(41.939658, -87.68036)"
04/10/2012,Accion,038XX,N,Lincoln,Avenue,Chicago,IL,60613,47,Day Care,41.951797588,-87.677279839,"(41.951798, -87.67728)"
10/22/2014,Accion,053XX,S,Hyde Park,BLVD,Chicago,IL,60615,5,Retail Stores,41.79821668,-87.58416835,"(41.798217, -87.584168)"
03/04/2015,Accion,060XX,W,Irving Pk.,Road,Chicago,IL,60634,38,Retail Stores,41.953128103,-87.778825478,"(41.953128, -87.778825)"
04/29/2014,Accion,011XX,W,Thorndale,Avenue,Chicago,IL,60660,48,Professional/Off Svc,41.99011704,-87.66017523,"(41.990117, -87.660175)"
04/27/2013,Accion,092XX,S,Anthony,Avenue,Chicago,IL,60617,10,Day Care,41.726626307,-87.554414097,"(41.726626, -87.554414)"
10/30/2013,CNI,107XX,S,Eberhart,Street,Chicago,IL,60628,9,Transportation,41.698513608,-87.611230373,"(41.698514, -87.61123)"
04/24/2015,CNI,021XX,S,Canalport,Street,Chicago,IL,60608,25,Other Services - Cosmetology,41.853301464,-87.649929695,"(41.853301, -87.64993)"
10/06/2015,Accion,016XX,W,18th,Street,Chicago,IL,60608,25,Food/Beverage,41.857871405,-87.668270534,"(41.857871, -87.668271)"
07/30/2014,Accion,069XX,W,Grand,Avenue,Chicago,IL,60707,36,Auto/Vehicle,41.923672582,-87.799705607,"(41.923673, -87.799706)"
08/05/2013,CNI,009XX,W,Washington,Street,Chicago,IL,60607,27,Other Services,41.883179433,-87.651753296,"(41.883179, -87.651753)"
08/05/2013,CNI,009XX,W,Washington,Street,Chicago,IL,60607,27,Other Services,41.883179433,-87.651753296,"(41.883179, -87.651753)"
12/05/2014,Accion,019XX,N,Austin,Avenue,Chicago,IL,60639,29,Food/Beverage,41.91622789,-87.775605613,"(41.916228, -87.775606)"
12/05/2014,Accion,094XX,S,Perry,Avenue,Chicago,IL,60620,21,Day Care,41.722006907,-87.626390322,"(41.722007, -87.62639)"
12/04/2012,CNI,069XX,S,Cornell,Avenue,Chicago,IL,60649,5,Food/Beverage,41.76821085,-87.584545179,"(41.768211, -87.584545)"
02/02/2015,Accion,029XX,N,Lincoln,Avenue,Chicago,IL,60657,32,Retail Stores,41.935398499,-87.662897921,"(41.935398, -87.662898)"
11/19/2013,Accion,012XX,S,Michigan,Avenue,Chicago,IL,60605,3,Food/Beverage,41.866073587,-87.624267673,"(41.866074, -87.624268)"
08/26/2014,Accion,037XX,N,Saint Louis,Avenue,Chicago,IL,60618,35,Retail Stores,41.949861008,-87.715400981,"(41.949861, -87.715401)"
10/04/2013,CNI,043XX,S,Vincennes,Avenue,Chicago,IL,60653,3,Food/Beverage,41.815184026,-87.614192226,"(41.815184, -87.614192)"
04/26/2013,Accion,020XX,N,Seminary,Avenue,Chicago,IL,60614,43,Wholesale,41.91956724,-87.655989859,"(41.919567, -87.65599)"
01/10/2012,Accion,059XX,W,Patterson,Avenue,Chicago,IL,60634,39,Medical Services,41.946795663,-87.776116779,"(41.946796, -87.776117)"
03/23/2015,Accion,041XX,S,Maplewood,Avenue,Chicago,IL,60632,12,Manufacturing,41.817755662,-87.68852451,"(41.817756, -87.688525)"
02/25/2015,Accion,033XX,W,BRYN MAWR,Avenue,CHICAGO,IL,60659,39,Restaurant - Full Service,41.98312144,-87.713368491,"(41.983121, -87.713368)"
02/06/2015,Accion,003XX,E,71st,Street,Chicago,IL,60619,6,Clothing Design/Mfg,41.765795405,-87.616487173,"(41.765795, -87.616487)"
10/17/2014,Accion,054XX,W,Ferdinand,Street,Chicago,IL,60651,37,Auto/Vehicle,41.888993811,-87.762246174,"(41.888994, -87.762246)"
04/22/2013,CNI,095XX,S,King,Drive,Chicago,IL,60628,6,Professional/Off Svc,41.720390674,-87.614253606,"(41.720391, -87.614254)"
05/26/2015,WBDC,005XX,E,43rd,Street,Chicago,IL,60653,4,,41.816831307,-87.612018219,"(41.816831, -87.612018)"
09/19/2013,WBDC,043XX,W,Fullerton,Avenue,Chicago,IL,60639,31,Professional/Off Svc,41.924479361,-87.736194413,"(41.924479, -87.736194)"
10/31/2013,Accion,029XX,W,Pershing,Rd.,Chicago,IL,60632,12,Food/Beverage,41.822807198,-87.69911434,"(41.822807, -87.699114)"
05/30/2013,CNI,039XX,W,87th,Street,Chicago,IL,60652,18,Transportation,41.734977335,-87.720972482,"(41.734977, -87.720972)"
01/28/2016,Accion,015XX,S,Western,Avenue,Chicago,IL,60603,28,Arts/Crafts Production,41.859679009,-87.685989222,"(41.859679, -87.685989)"
07/29/2014,Accion,018XX,E,87th,Street,Chicago,IL,60619,8,Beauty/Salon Services,41.737125223,-87.578601773,"(41.737125, -87.578602)"
11/25/2013,Accion,055XX,S,State,Street,Chicago,IL,60621,3,Beauty/Salon Services,41.79291528,-87.625802131,"(41.792915, -87.625802)"
06/10/2013,WBDC,014XX,N,Ashland,Avenue,Chicago,IL,60622,1,Professional/Off Svc,41.908377716,-87.667773189,"(41.908378, -87.667773)"
09/18/2013,WBDC,019XX,W,87th,Street,Chicago,IL,60620,18,Professional/Off Svc,41.735766874,-87.672396457,"(41.735767, -87.672396)"
01/13/2016,WBDC,074XX,S,Merrill,Street,Chicago,IL,60649,5,Construction/Repair,41.759232588,-87.572592157,"(41.759233, -87.572592)"
05/30/2013,CNI,005XX,E,61st,Street,Chicago,IL,60637,20,Other Services,41.784071842,-87.611277409,"(41.784072, -87.611277)"
12/11/2013,CNI,015XX,S,Western,Avenue,Chicago,IL,60608,28,IT/Manufacturing,41.859679009,-87.685989222,"(41.859679, -87.685989)"
11/15/2013,Accion,036XX,N,Halsted,Street,Chicago,IL,60613,46,Beauty/Salon Services,41.948799126,-87.649678275,"(41.948799, -87.649678)"
12/16/2013,Accion,007XX,N,Franklin,Street,Chicago,IL,60654,42,Retail Stores,41.896317588,-87.635840254,"(41.896318, -87.63584)"
12/17/2012,Accion,048XX,N,Broadway,Street,Chicago,IL,60640,46,Food/Beverage,41.970449245,-87.65985608,"(41.970449, -87.659856)"
11/18/2014,Accion,095XX,S,Constance,Street,Chicago,IL,60617,7,Day Care,41.720988133,-87.579112453,"(41.720988, -87.579112)"
05/07/2015,WBDC,014XX,N,Ashland,Avenue,Chicago,IL,60622,1,Professional/Off Svc,41.908377716,-87.667773189,"(41.908378, -87.667773)"
03/03/2014,CNI,000XX,N,Wacker,Drive,Chicago,IL,60606,42,Professional/Off Svc,41.883134296,-87.637191526,"(41.883134, -87.637192)"
09/30/2014,Accion,040XX,S,Indiana,Street,Chicago,IL,60653,3,Day Care,41.820488979,-87.621662243,"(41.820489, -87.621662)"
05/30/2013,CNI,000XX,W,Polk,Street,Chicago,IL,60605,2,Transportation,41.872386434,-87.629583433,"(41.872386, -87.629583)"
04/24/2013,Accion,030XX,N,Central,Park,Chicago,IL,60618,35,Other Services,41.936721765,-87.717464528,"(41.936722, -87.717465)"
11/06/2013,WBDC,017XX,W,Lawrence,Avenue,Chicago,IL,60660,47,,41.968945848,-87.67299374,"(41.968946, -87.672994)"
11/25/2015,Accion,038XX,N,Broadway,Street,Chicago,IL,60613,46,Beauty/Salon Services,41.952667333,-87.649798106,"(41.952667, -87.649798)"
12/10/2012,Accion,015XX,N,Damen,Avenue,Chicago,IL,60622,1,Other Services,41.909679359,-87.677590211,"(41.909679, -87.67759)"
05/06/2013,Accion,011XX,W,Chicago,Avenue,Chicago,IL,60642,27,Food/Beverage,41.896342858,-87.657211671,"(41.896343, -87.657212)"
04/19/2013,WBDC,009XX,W,Van Buren,Street,Chicago,IL,60607,2,Beauty/Salon Services,41.876716551,-87.651574752,"(41.876717, -87.651575)"
05/29/2013,Accion,015XX,W,Victoria,Street,Chicago,IL,60660,48,Wholesale,41.987249381,-87.669538843,"(41.987249, -87.669539)"
06/13/2014,Accion,006XX,E,71st ,Street,Chicago,IL,60637,6,Construction/Repair,41.765935086,-87.608486389,"(41.765935, -87.608486)"
11/20/2012,Accion,018XX,W,63rd,Street,Chicago,IL,60636,15,Beauty/Salon Services,41.779466199,-87.671101769,"(41.779466, -87.671102)"
02/02/2016,Accion,031XX,N,Broadway,Avenue,Chicago,IL,60657,44,Food/Beverage,41.939120097,-87.644515275,"(41.93912, -87.644515)"
12/17/2013,Accion,008XX,S,Wabash,Avenue,Chicago,IL,60605,4,Retail Sales - Other,41.871184354,-87.62606949,"(41.871184, -87.626069)"
09/16/2014,CNI,050XX,S,State,Street,Chicago,IL,60609,3,Catering,41.802247471,-87.626043589,"(41.802247, -87.626044)"
10/07/2013,CNI,108XX,S,Langley,Street,Chicago,IL,60628,9,Transportation,41.696425687,-87.606214973,"(41.696426, -87.606215)"
08/05/2013,CNI,009XX,W,Washington,Street,Chicago,IL,60607,27,Construction/Repair,41.883179433,-87.651753296,"(41.883179, -87.651753)"
04/17/2013,Accion,022XX,S,Troop,Street,Chicago,IL,60608,25,Other Services,41.85096156,-87.658810143,"(41.850962, -87.65881)"
08/16/2013,CNI,028XX,E,79th,Street,Chicago,IL,60649,7,Other Services,41.751993753,-87.554961229,"(41.751994, -87.554961)"
01/07/2015,CNI,021XX,S,Canalport,Street,Chicago,IL,60608,6,Construction,41.853301464,-87.649929695,"(41.853301, -87.64993)"
05/25/2013,CNI,045XX,S,St Lawrence,Street,Chicago,IL,60653,3,Construction/Repair,41.811593819,-87.611651694,"(41.811594, -87.611652)"
10/18/2013,CNI,039XX,W,Lawrence,Avenue,Chicago,IL,60625,39,Professional/Off Svc,41.968356466,-87.727656367,"(41.968356, -87.727656)"
11/25/2014,Accion,074XX,W,Irving Pk.,Rd.,Chicago,IL,60634,38,Other Services,41.952711949,-87.814246268,"(41.952712, -87.814246)"
09/03/2014,Accion,059XX,W,Patterson,Avenue,Chicago,IL,60634,36,Medical Services,41.946795663,-87.776116779,"(41.946796, -87.776117)"
10/31/2013,WBDC,003XX,S,Michigan,Avenue,Chicago,IL,60604,2,Transportation,41.877066783,-87.62443921,"(41.877067, -87.624439)"
09/29/2015,Accion,021XX,N,Milwaukee,Avenue,Chicago,IL,60647,1,Retail Stores,41.920230129,-87.693217337,"(41.92023, -87.693217)"
03/11/2013,Accion,039XX,N,Seeley,Avenue,Chicago,IL,60618,47,Arts/Crafts Production,41.953819581,-87.680104184,"(41.95382, -87.680104)"
02/16/2016,Accion,057XX,N,Winthrop,Avenue,Chicago,IL,60660,48,Arts/Crafts Production,41.986987321,-87.6582672,"(41.986987, -87.658267)"
10/23/2015,CNI,019XX,W,87th,Street,Chicago,IL,60620,20,Professional/Off Svc,41.735766874,-87.672396457,"(41.735767, -87.672396)"
07/17/2015,Accion,016XX,W,21st ,Street,Chicago,IL,60608,25,"Fashion, jewelry, art and sewing/ jewelry classes",41.854222612,-87.668174117,"(41.854223, -87.668174)"
08/07/2015,WBDC,003XX,W,18th,Street,Chicago,IL,60616,25,Construction/Repair,41.857814473,-87.636746844,"(41.857814, -87.636747)"
05/31/2013,Accion,032XX,W.,84th,Street,Chicago,IL,60652,18,Other Services,41.740745482,-87.704159892,"(41.740745, -87.70416)"
04/04/2014,CNI,045XX,S,Greenwood,Avenue,Chicago,IL,60653,4,Other Services,41.811751058,-87.599457832,"(41.811751, -87.599458)"
07/10/2013,Accion,075XX,S,Clyde,Avenue,Chicago,IL,60649,8,Professional/Off Svc,41.757403429,-87.573811245,"(41.757403, -87.573811)"
08/30/2013,Accion,017XX,N,Mason,Street,Chicago,IL,60639,29,Food/Beverage,41.912597808,-87.774226348,"(41.912598, -87.774226)"
06/04/2015,WBDC,008XX,W,63rd,Street,Chicago,IL,60621,20,,41.779826797,-87.646902618,"(41.779827, -87.646903)"
11/13/2014,Accion,025XX,W,Lawrence,Avenue,Chicago,IL,60625,40,Food/Beverage,41.968685531,-87.693369954,"(41.968686, -87.69337)"
07/28/2014,Accion,059XX,S,Michigan,Avenue,Chicago,IL,60637,20,Construction/Repair,41.785900266,-87.622383571,"(41.7859, -87.622384)"
03/21/2013,Accion,026XX,W,Toughy,Avenue,Chicago,IL,60645,50,Medical Services,42.012241707,-87.697008884,"(42.012242, -87.697009)"
12/10/2012,Accion,030XX,N,Lincoln,Avenue,Chicago,IL,60657,32,Retail Stores,41.937149264,-87.665352278,"(41.937149, -87.665352)"
07/16/2013,Accion,023XX,N,Milwaukee,Avenue,Chicago,IL,60647,1,Food/Beverage,41.92383417,-87.699100155,"(41.923834, -87.6991)"
11/14/2013,Accion,016XX,W,21st ,Street,Chicago,IL,60608,25,Retail Stores,41.854222612,-87.668174117,"(41.854223, -87.668174)"
03/29/2013,Accion,022XX,N,Menard,Street,Chicago,IL,60639,36,Food/Beverage,41.921776007,-87.770924082,"(41.921776, -87.770924)"
07/29/2013,Accion,010XX,E,76th,Street,Chicago,IL,60619,8,Beauty/Salon Services,41.75705433,-87.598819545,"(41.757054, -87.59882)"
09/10/2015,CNI,106XX,S,Yates,Avenue,Chicago,IL,60617,41,Other Services,41.701271823,-87.564135629,"(41.701272, -87.564136)"
06/30/2014,Accion,038XX,W,Chicago,Avenue,Chicago,IL,60651,37,Professional/Off Svc,41.895502619,-87.723239039,"(41.895503, -87.723239)"
06/26/2013,WBDC,033XX,W,Foster,Avenue,Chicago,IL,60625,39,Retail Sales - Other,41.975806213,-87.713183389,"(41.975806, -87.713183)"
04/01/2015,CNI,077XX,S,Calumet,Avenue,Chicago,IL,60619,6,Other Services - Childcare,41.75322778,-87.616735646,"(41.753228, -87.616736)"
12/16/2013,Accion,034XX,W,Armitage,Avenue,Chicago,IL,60647,26,Retail Sales - Other,41.917434655,-87.713445161,"(41.917435, -87.713445)"
02/23/2015,Accion,034XX,N,Pulaski,Avenue,Chicago,IL,60641,30,Restaurant - Full Service,41.944183101,-87.727478918,"(41.944183, -87.727479)"
07/15/2015,CNI,017XX,E,92nd,Street,Chicago,IL,60617,7,Other Services,41.727980124,-87.580634236,"(41.72798, -87.580634)"
12/12/2014,Accion,000XX,N,LaSalle,Street,Chicago,IL,60602,42,Professional/Off Svc,41.883173368,-87.632552736,"(41.883173, -87.632553)"
04/15/2013,CNI,016XX,E,87th,Street,Chicago,IL,60619,8,Professional/Off Svc,41.737058488,-87.583180907,"(41.737058, -87.583181)"
05/25/2013,CNI,021XX,W,Division,Street,Chicago,IL,60647,32,Retail Sales - Other,41.903222949,-87.681718412,"(41.903223, -87.681718)"
10/04/2013,WBDC,081XX,S,Langley,St,Chicago,IL,60619,6,Education,41.746075485,-87.607663164,"(41.746075, -87.607663)"
03/09/2015,CNI,077XX,S,Albany,Avenue,Chicago,IL,60652,18,Other Services -Childcare,41.752003688,-87.700161747,"(41.752004, -87.700162)"
10/20/2012,Accion,048XX,S,Michigan,Avenue,Chicago,IL,60615,3,Professional/Off Svc,41.805960625,-87.622895681,"(41.805961, -87.622896)"
12/04/2012,CNI,016XX,W,87th,Street,Chicago,IL,60620,21,Retail Sales - Other,41.735873186,-87.665125327,"(41.735873, -87.665125)"
02/16/2016,CNI,092XX,S,Commercial, Avenue ,Chicago,IL,60617,7,Transportation,41.726813141,-87.551328661,"(41.726813, -87.551329)"
09/16/2014,CNI,081XX,S,Cornell,Avenue,Chicago,IL,60617,8,Construction,41.746689547,-87.584327648,"(41.74669, -87.584328)"
11/18/2014,CNI,001XX,E,83rd,Street,Chicago,IL,60619,6,Service,41.743840448,-87.619653944,"(41.74384, -87.619654)"
06/18/2014,WBDC,043XX,W,Fullerton,Avenue,Chicago,IL,60639,31,Professional/Off Svc,41.924479361,-87.736194413,"(41.924479, -87.736194)"
04/01/2013,Accion,000XX,E,Jackson,Boulevard,Chicago ,IL,60604,42,Other Services,41.878362592,-87.625789895,"(41.878363, -87.62579)"
10/09/2015,CNI,015XX,E,53rd ,Street,Chicago,IL,60615,5,Retail Sales - Other,41.799674501,-87.587171084,"(41.799675, -87.587171)"
07/15/2015,CNI,028XX,E,79th,Street,Chicago,IL,60649,27,Other Services,41.751993753,-87.554961229,"(41.751994, -87.554961)"
01/11/2013,CNI,108XX,S,Langley,Avenue,Chicago,IL,60628,9,Transportation,41.696425687,-87.606214973,"(41.696426, -87.606215)"
11/08/2013,WBDC,044XX,N,Ravenswood,Avenue,Chicago,IL,60640,47,Medical Services,41.963019851,-87.674712135,"(41.96302, -87.674712)"
01/29/2016,Accion,005XX,N,Michigan,Avenue,Chicago,IL,60611,42,Retail Sales - Other,41.892511145,-87.624330958,"(41.892511, -87.624331)"
02/23/2015,CNI,112XX,S,Saint Lawrence,Avenue,Chicago,IL,60628,9,Food/Beverage,41.689529257,-87.608493489,"(41.689529, -87.608493)"
03/29/2013,Accion,017XX,W,79th,Street,Chicago,IL,60620,17,Food/Beverage,41.750406805,-87.667897611,"(41.750407, -87.667898)"
06/30/2014,Accion,016XX,W,21st ,Street,Chicago,IL,60608,25,Retail Stores,41.854222612,-87.668174117,"(41.854223, -87.668174)"
11/10/2012,Accion,002XX,W,Eugenie,Street,Chicago,IL,60614,2,Food/Beverage,41.912962356,-87.636673056,"(41.912962, -87.636673)"
01/30/2014,Accion,068XX,S.,Pulaski,Avenue,Chicago,IL,60629,13,Retail Sales - Other,41.768013884,-87.722638914,"(41.768014, -87.722639)"
02/10/2016,CNI,040XX,S,Lake , Park ,Chicago,IL,60653,5,Manufacturing,41.821064248,-87.601609066,"(41.821064, -87.601609)"
03/19/2013,Accion,036XX,N,Narragansett,Avenue,Chicago,IL,60634,36,Other Services,41.947201266,-87.786459059,"(41.947201, -87.786459)"
04/25/2014,CNI,022XX,S,Michigan,Avenue,Chicago,IL,60616,2,Professional/Off Svc,41.851416506,-87.623912577,"(41.851417, -87.623913)"
09/15/2014,CNI,003XX,E,Ohio,Street,Chicago,IL,60611,42,Real Estate Consultant,41.892741648,-87.618288156,"(41.892742, -87.618288)"
11/10/2012,Accion,036XX,S,Canal,Street,Chicago,IL,60609,11,Clothing/Material Production,41.827515865,-87.637920743,"(41.827516, -87.637921)"
12/10/2012,Accion,087XX,S,Racine,Avenue,Chicago,IL,60620,21,Retail Sales - Other,41.734425227,-87.653443031,"(41.734425, -87.653443)"
05/09/2013,Accion,063XX,S.,Kolin,Avenue,Chicago,IL,60629,13,Construction/Repair,41.777016532,-87.731410259,"(41.777017, -87.73141)"
12/20/2012,Accion,013XX,N,Paulina,Street,Chicago,IL,60622,1,Arts/Crafts Production,41.906544266,-87.670164899,"(41.906544, -87.670165)"
05/22/2014,Accion,064XX,S,Pulaski,Avenue,Chicago,IL,60629,13,Food/Beverage,41.775286556,-87.722819282,"(41.775287, -87.722819)"
07/02/2014,Accion,063XX,W,Cuyler,Avenue,Chicago,IL,60634,38,Food/Beverage,41.953948536,-87.786167289,"(41.953949, -87.786167)"
