"PROJECT NAME","APPLICANT NAME","ADDRESS NUMBER","ADDRESS NUMBER (HIGH)","STREET DIRECTION","STREET NAME","STREET TYPE","WARD","COMMUNITY AREA","APPROVAL DATE","COMPLETION DATE","PROPERTY TYPE","SQUARE FOOTAGE","PROJECT DESCRIPTION","INCENTIVE AMOUNT","TOTAL PROJECT COST","OTHER PUBLIC FUNDING","JOBS CREATED: ASPIRATIONAL","JOBS RETAINED: ASPIRATIONAL","LOCATION"
"Natural Roots Kids Hair, LLC","Tess McKenzie","1851","1855","E","87th","St","8","Calumet Heights","12/22/2020","05/23/2023","Commercial",,"Buildout for a cosmetology services center specializing in African hair.","$190,725.5","$343,215",,,,"POINT (-87.57863 41.73701)"
"Ted's Place (Ted & Jaquie's, Inc)","Jacqueline Walton","5813",,"W","Madison","St","29","Austin","08/27/2018","06/30/2019","Residential & Commercial","2,000","Renovation of community tavern.","$44,161.11","$88,322.21",,,,"POINT (-87.7702 41.8798)"
"345 Art Gallery","Corry Williams","345",,"N","Kedzie","Av","27","East Garfield Park","06/08/2017","09/30/2020","Commercial","1,000","New addition on the adjacent vacant land to increase capacity for arts programming and gallery space.","$201,472.1","$409,814.36",,,,"POINT (-87.70633 41.88779)"
"See Spot Run","Ruth Crisler","1440","1450","N","Pulaski","Rd","36","Humboldt Park","06/30/2020","09/30/2022","Commercial",,"Interior and exterior renovations to existing commercial space for dog training business.","$250,000","$1,298,097.08",,,,"POINT (-87.72684 41.90768)"
"Windy City Athletics (Burdeens Chicago)","Gerardo Alvarez","2139",,"W","Cermak","Rd","25","Lower West Side","07/12/2021","10/17/2023","Commercial",,"Buildout for an existing show store.","$244,000","$488,000",,,,"POINT (-87.67983 41.85211)"
"A.P. Deli (A.P. Inc)","Starnella Johnson","10756","10758","S","Michigan","Av","21","Roseland","06/08/2017","04/04/2023","Commercial","1,500","Acquisition and renovation of an existing floral business, and addition of garden center.","$225,988.2","$339,650.93",,"0","10","POINT (-87.62086 41.69824)"
"Bronzeville Winery","Cecilia Cuff","4414","4420","S","Cottage Grove","Av","4","Grand Boulevard","06/30/2020","02/01/2022","Residential & Commercial","3,200","Interior buildout for a start-up restaurant and winery.","$250,000","$537,902",,,,"POINT (-87.60669 41.81477)"
"Lee's Unleaded Blues","Richard Jenkins","7401",,"S","South Chicago","Av","5","Greater Grand Crossing","06/30/2020","05/01/2024",,,"Acquisition and rehabilitation to re-open a blues club.","$120,459.45","$240,918.89",,,,"POINT (-87.59772 41.76024)"
"Herban Produce","Alicia Nesbary Moore","2858",,"W","Van Buren","St","27","East Garfield Park","04/29/2019","03/30/2021","Commercial","19,000","Expansion of existing urban farm and buildout of adjacent commercial storefront for an associated events space.","$215,625","$577,230",,"7",,"POINT (-87.6984 41.87595)"
"Delar's Unisex","Josefa Lara","4132",,"W","26th","St","22","South Lawndale","12/22/2020","12/31/2022","Residential & Commercial",,"Interior renovation for a neighborhood salon.","$46,160","$82,060",,,,"POINT (-87.72833 41.84421)"
"Garcia's Svcs, Inc","Marlene Garcia","5134",,"W","Grand","Av","36","Belmont Cragin","03/01/2018","03/31/2021","Residential & Commercial","530","Expansion of existing tax and legal services business into a larger location with a storefront.","$80,225","$110,500",,"0","1","POINT (-87.75491 41.91713)"
"Del-Kar Pharmacy Inc (301143)","Edwin Muldrow","3726",,"W","16th","St","24","North Lawndale","03/01/2018","10/21/2024","Commercial",,"Buildout for an existing pharmacy space, and two tenant spaces over, an additional gut rehab project for a start-up juice bar. Both projects will be managed by the same entity.","$117,617","$197,350",,,,"POINT (-87.71879 41.85894)"
"Kenwood Dental Group","Dr. Eric and Dr. Ashley Barnes","1335",,"E","87th","St","8","Calumet Heights","08/27/2018","12/31/2019","Commercial","2,200","Renovation of an existing dental practice.","$149,999","$216,003",,"3","0","POINT (-87.59146 41.73683)"
"CBQ Facial Beauty Bar, LLC","Nichole Doss","4458",,"S","Cottage Grove","Av","4","Grand Boulevard","06/30/2020","06/30/2022","Residential & Commercial","1,678","Tenant build-out for a start-up salon and beauty center.","$27,675","$41,650",,,,"POINT (-87.60668 41.8143)"
"Urban Core","Julia Perkins","1840",,"E","71st","St","5","South Shore","04/29/2019","07/31/2023","Commercial",,"Buildout to accommodate 4, new, health-focused businesses, including yoga studio.","$250,000","$1,045,140",,,,"POINT (-87.57962 41.76618)"
"Colemans BBQ #2","Debra Coleman","5752","5756","W","Chicago","Av","29","Austin","08/27/2018","12/31/2020","Commercial","4,478","Interior and exterior renovation for new restaurant.","$47,932.82","$63,909",,,,"POINT (-87.76994 41.89479)"
"Ivory Dental Specialist 1st","Bonciel Griffin-Burress","8344",,"S","Halsted","St","17","Auburn Gresham","06/08/2017","12/31/2020","Commercial","6,500","Acquisition and renovation of property for second location of dental practice.","$250,000","$1,062,998.98",,,,"POINT (-87.6442 41.74196)"
"Soule' Chicago Corp","Bridgette Flagg","3615","3615","W","Roosevelt","Rd","24","North Lawndale","12/22/2020","10/30/2023","Commercial",,"Buildout for a family-friendly restaurant in Lawndale","$250,000","$507,402.89",,,,"POINT (-87.71615 41.86628)"
"Legacy, etc","Freeland Payne","8126",,"S","Stony Island","Av","8","Avalon Park","06/08/2017","06/30/2018","Commercial","2,100","Interior and exterior renovations for grill.","$139,058.77","$213,936.71",,,,"POINT (-87.58615 41.74699)"
"PMJ Enterprises","Jose T. Espiritu","4122",,"W","Grand","Av","36","Humboldt Park","04/29/2019","03/31/2021","Office & Commercial","8,100","Interior and exterior renovations to existing building for business consultancy firm.","$75,168.2","$162,186.4",,"3",,"POINT (-87.72991 41.90756)"
"El Pollo Bravo","Jesus Marin","4105",,"W","26th","St","22","South Lawndale","06/30/2020","04/18/2023","Commercial",,"Renovation for restaurant.","$250,000","$258,700",,,,"POINT (-87.72734 41.84423)"
"Thrift, LLC","Jeremy Wright","2517",,"W","59th","St","16","Chicago Lawn","12/22/2020","09/29/2023","Residential & Commercial",,"Buildout for a new second-hand store.","$43,491.25","$65,555",,,,"POINT (-87.68701 41.78652)"
"Rincon Family Services","Jake Rosko","3944",,"W","North","Av","26","Humboldt Park","07/12/2021","04/25/2024",,,"Build out of new cafe.","$250,000","$601,594.03",,,,"POINT (-87.72587 41.91021)"
"Little Black Pearl Workshop, Inc","Monica Haslip","1040",,"E","47th","St","4","Kenwood","08/26/2022","12/11/2023","Commercial","7,343","Renovation to expand the dine-in, catering/training services and reopen the special events space offerings.","$239,525","$479,050",,,,"POINT (-87.6002 41.81009)"
"Shakespeare Rose Culinary Kitchen, LLC","Bernita Outlaw","6246",,"S","Saint Lawrence","Av","20","Woodlawn","04/29/2019","04/12/2024",,,"Renovation of a commercial space for a commercial kitchen to incubate food-based businesses with cooking classes, events and pop-up restaurants.","$107,144.86","$140,328.15",,,,"POINT (-87.61104 41.78079)"
"Wings (WM Initiatives, LLC)","David Kahan","3513",,"W","63rd","St","14","Chicago Lawn","03/01/2018","07/01/2024","Office & Commercial","4,100","New construction of a resale store for clothing and housewares, developed under WINGS housing/domestic violence facility.","$132,342.52","$275,884.52",,,,"POINT (-87.71097 41.77855)"
"5100 S. Damen LLC - Diaz Group LLC Office Space","Richard Velasquez","5100",,"S","Damen","Av","16","New City","12/19/2021","06/10/2024",,,"Interior renovation of previous bank building into office space.","$237,989.31","$260,228.61",,,,"POINT (-87.6749 41.80077)"
"One Florence Boulevard","Patricia Shymanski","605",,"E","111th","St","9","Pullman","12/22/2020","12/12/2023",,,"Renovations for a cafe and gift shop as part ofÂ the Pullman House Project Welcome Center.","$172,911.5","$348,323",,,,"POINT (-87.6081 41.6928)"
"Bass Furniture and Rug Company","Eddie Davis","11431",,"S","Michigan","Av","9","Roseland","06/30/2020","12/31/2022","Residential & Commercial",,"Rehab of existing furniture store.","$100,300","$200,600",,,,"POINT (-87.62082 41.68606)"
"Little Black Pearl Workshop, Inc","Monica Haslip","1040",,"E","47th","St","4","Kenwood","03/01/2018","12/31/2021","Commercial",,"Buildout of commercial space for a non-profit restaurant.","$43,150","$86,300",,,,"POINT (-87.6002 41.81009)"
"Xavier's Club","Javier Lebron","4456",,"S","Western","Av","15","Brighton Park","06/30/2020","04/26/2023","Commercial",,"Interior and exterior renovations for a tavern/club.","$98,490.61","$152,661.56",,,,"POINT (-87.68453 41.8122)"
"Rise Training Academy","LOTTA YANONG","8300",,"S","Halsted","St","17","Auburn Gresham","08/26/2022","05/30/2025","Commercial","2,100","Renovation of a current auto repair shop to a cultural space providing fitness and martial arts instruction.","$250,000","$333,896.81",,,,"POINT (-87.64383 41.74324)"
"The Law Office of Theodore London","Theodore London","1718",,"E","87th","St","8","Avalon Park","08/27/2018","09/30/2020","Office","3,000","Expansion of existing law practice into an adjacent storefront to support growing business.","$198,708.47","$328,851.46",,,,"POINT (-87.58194 41.73734)"
"Duo Development","Carlos Robles-Shanahan","3243",,"W","16th","St","24","North Lawndale","08/26/2022","01/07/2025","Residential & Commercial","6,250","New construction. A new take on the third space as a public amenity. The space will provide residents a beautiful place to Gather, Learn, Replenish, and Create.","$250,000","$1,486,692.29",,,,"POINT (-87.70689 41.85907)"
"GCB Retail Group LLC  DBA Ground Control","Yousuf Tabani","3961","3961","W","Madison","St","28","West Garfield Park","06/30/2020","12/01/2024","Commercial",,"Renovation and expansion for a retail clothing and shoe store.","$228,282.6","$456,565.2",,,,"POINT (-87.72493 41.88074)"
"Naty's Pizza","Domingo Jaimes","3849",,"W","26th","St","22","South Lawndale","07/12/2021","07/29/2025",,,"Interior renovation for restaurant.","$243,250","$329,904.95",,,,"POINT (-87.7215 41.84405)"
"Conscious Plates","Latrell Garnett","820",,"E","63rd","St","20","Woodlawn","12/19/2021","12/31/2022","Commercial",,"Interior renovation for a neighborhood vegan restaurant.","$103,050","$138,975",,,,"POINT (-87.60532 41.78042)"
"Family Dental Care P.C.","Peter Alemis","3009",,"E","92nd","St","10","South Chicago","06/30/2020","12/31/2021","Residential & Commercial","4,000","Expansion of an existing dental office into the adjacent vacant tenant space, and exterior improvements to the entire building including tuck-pointing and windows.","$147,960.14","$240,476",,,,"POINT (-87.55067 41.72825)"
"Sisters in Cinema","Yvonne Welbon","2310",,"E","75th","St","7","South Shore","06/18/2017","02/28/2024",,,"Acquisition and renovation of property for filmmaking studio focused on African American history with educational programming.","$250,000","$692,620",,,,"POINT (-87.56824 41.75897)"
"M Lounge (Kleo's Cafe) (M Lounge, Inc)","Omar Kamran","69",,"E","Garfield","Bv","16","Washington Park","06/30/2020","11/30/2023","Commercial","4,824","Buildout for a custom apparel and screen-printing services business.","$110,820.93","$147,761.24",,,,"POINT (-87.62287 41.79436)"
"Stockyards  Dream Catcher Cafe","Juan Ignacio Gonzalez","1824",,"W","47th","St","15","New City","12/22/2020","12/10/2024",,,"Renovations for a new cafe and yoga studio.","$250,000","$342,541.16",,,,"POINT (-87.67088 41.80855)"
"Bombon Cake Gallery and Design","Luis Perea","3834",,"E","26th","St","22","South Lawndale","06/30/2020","06/30/2022","Residential & Commercial","6,000","Renovation and build-out for a neighborhood baker.","$67,957.5","$129,550",,,,"POINT (-87.72105 41.84432)"
"Latinos Progresando","Adrienne Lange","2724",,"W","Cermak","Rd","25","South Lawndale","03/01/2018","01/29/2024","Commercial",,"Renovation of building space for the  Latinos  Progresando Community  Resource Center, a hub for cultural activities and events.","$250,000","$2,958,283.5",,,,"POINT (-87.69405 41.85192)"
"Uncle Remus Restaurant, Inc.","Charmaine Rickette","5611",,"W","Madison","St","29","Austin","06/08/2017","12/31/2022","Residential & Commercial",,"Rehab  of  a  commercial  space  for  an  existing  restaurant  specializing  in  American  cuisine specializing in fried chicken.","$250,000","$424,752",,,,"POINT (-87.7653 41.87995)"
"Pantano's Restaurant","Ramon Navarro","2523","2523","W","63rd","St","16","Chicago Lawn","12/22/2020","08/15/2023","Commercial",,"Build-out for a new Mexican restaurant.","$185,062.5","$246,750",,,,"POINT (-87.68701 41.77921)"
"St. Edmund's Redevelopment Corporation","Cecelia Hunt","201","216","E","61st","St","20","Washington Park","08/27/2018","07/01/2024","Commercial",,"New construction of professional office space for St. Edmunds Redevelopment Corporation, Gilead Management, and Tria Adelfi.","$250,000","$1,812,811",,,,"POINT (-87.62034 41.78378)"
"Catedral Cafe","Ambrosio Gonzalez","2457","2459","S","Christiana","Av","25","South Lawndale","04/29/2019","08/01/2025","Commercial",,"Buildout of existing interior space and rooftop for restaurant.","$249,027","$413,216.79",,,,"POINT (-87.70872 41.84642)"
"Granados","Emma Granados","1845",,"W","47th","St","15","New City","12/22/2020","08/06/2024",,,"Buildout for a new Mexican bakery and cafe.","$244,600","$464,508.91",,,,"POINT (-87.67166 41.80829)"
"Nuevo Leon Bakery","Mario Sauceda","4062",,"W","26th","St","22","South Lawndale","07/12/2021","09/11/2023","Residential & Commercial",,"Interior renovation for a neighborhood bakery.","$105,468.38","$167,866",,,,"POINT (-87.72706 41.84423)"
"The Woodlawn (Faye LLC)","Donnell Digby","1200",,"E","79th","St","8","Avalon Park","08/27/2018","03/31/2020","Residential & Commercial","4,250","Buildout of new cafe and restaurant and adjacent office incubator.","$212,439.68","$304,346.34",,,,"POINT (-87.5951 41.75138)"
"Acquario Piscis Pet Store & Grooming","Kenneth Battee","3040",,"W","Cermak","Rd","9","South Lawndale","08/27/2018","09/30/2021","Commercial",,"Exterior renovation of original location and buildout for a barbershop in adjacent tenant space.","$58,586.34","$117,172.67",,,,"POINT (-87.70189 41.85182)"
"Etcetera Restaurant (Jam Enterprises)","Johnny Martin","2674",,"W","Madison","St","27","East Garfield Park","03/01/2018","01/31/2023","Commercial",,"Redevelopment of new sports bar.","$250,000","$523,702",,,,"POINT (-87.69376 41.88109)"
"Floreria La Orquidea","Jose Gutierrez","3836",,"W","26th","St","22","South Lawndale","04/29/2019","03/31/2022","Residential & Commercial","5,000","Acquisition and buildout for relocation and expansion of existing floral arrangement business.","$249,775","$526,775",,,,"POINT (-87.72115 41.84432)"
"It's Mine","Keyyona Cisero","2547",,"W","71st","St","17","Chicago Lawn","06/08/2017","04/04/2023","Commercial",,"Rehabilitation of existing space for neighborhood tavern.","$53,464.37","$77,465.82",,,,"POINT (-87.68732 41.76436)"
"Martinez Funeral Home, Inc","Maryann Marsh","2534",,"S","Pulaski","Rd","20","South Lawndale","04/29/2019","06/30/2021","Commercial","5,000","Buildout of new boutique restaurant (Cleos) and private event space (M7), owned and operated by M Lounge.","$250,000","$508,496.17",,,,"POINT (-87.7249 41.84487)"
"ChiFresh Kitchen","Camille Kerr","400",,"E","71st","St","6","Greater Grand Crossing","07/12/2021","01/01/2024",,,"Storefront and facility buildout for a prepared meal business.","$250,000","$1,594,914.21",,,,"POINT (-87.6149 41.76599)"
"Cookies Cocktail Lounge, Inc","Jetaun Harvey","1024",,"W","79th","St","17","Auburn Gresham","12/20/2020","09/30/2022","Commercial","1,250","Renovation of a neighborhood tavern.","$177,093","$264,446.74",,,,"POINT (-87.64992 41.75054)"
"House of Africa (Sarah Kuenyefu Collection)","Sarah Kuenyefu-Searcy","4410","4412","S","Cottage Grove","Av","4","Grand Boulevard","12/22/2020","06/30/2022","Residential & Commercial","1,570","Buildout for a new location of a clothing store in new mixed-use building.","$118,120","$118,120",,,,"POINT (-87.60669 41.8148)"
"Lior's Cafe","Jean Claude Aurel","10500",,"S","Halsted","St","21","Washington Heights","12/22/2020","04/26/2023","Commercial",,"Buildout for new cafe and business incubator.","$232,696.63","$353,100.49",,,,"POINT (-87.64278 41.70312)"
"YWCA Metropolitan Chicago","Sharon McFeders","6600",,"S","Cottage Grove","Av","20","Woodlawn","04/29/2019","09/30/2020","Commercial","2,500","Expansion of a social services center for a small business incubator and technology training center.","$151,767.57","$329,657",,,,"POINT (-87.60616 41.77466)"
"Dragon Fly Gallery and Creative Spaces","Ivonne Cruz","2436",,"W","Madison","St","27","Near West Side","04/29/2019","06/30/2020","Commercial","1,300","Acquisition and buildout of an art gallery and studio that offers classes and programming to local high school students.","$95,692.17","$195,360.7",,,,"POINT (-87.68791 41.88115)"
"Nipsey's Restaurant and Bar","Dina Porter","9156",,"S","Stony Island","Av","8","Calumet Heights","04/29/2019","06/30/2021","Commercial","5,000","Buildout of new restaurant with 90s theme.","$250,000","$384,285.8",,"74",,"POINT (-87.58544 41.72794)"
"Carniceria La Hacienda No.4","Luis Alfredo Santos","5159",,"S","Kedzie","Av","14","Gage Park","06/08/2017","03/31/2019","Commercial","10,000","Rehab of 4th location of existing grocery business (primary sales of groceries, meat, and produce).","$85,775.48","$171,550.95",,,,"POINT (-87.70372 41.79913)"
"Lawndale Christian Development Corporation","Whittney Smith","3806",,"W","16th","St","24","North Lawndale","07/12/2021","06/14/2023","Residential & Commercial",,"Upfit of new commercial space for proposed restaurant.","$32,057.24","$120,123.43",,,,"POINT (-87.72107 41.85892)"
"Jamaican Jerk Villa","Peter McKnight / Johnny Wilbon","632","654","W","79th","St","17","Auburn Gresham","07/12/2021","04/08/2024",,,"Renovation for a restaurant that will provide the Essence of the Jamaican culture. Bringing it to the south side of Chicago will be an island experience. The culture of Jamaica, the food and the music will enhance every customers experience. The inviting atmosphere will certainly give everyone a sense of cultural vibes.","$250,000","$972,873.52",,,,"POINT (-87.64069 41.75086)"
"S2 City Grill (AWS B Holdings, LLC)","Suheir Bakarat","8734",,"S","Stony Island","Av","8","Calumet Heights","06/30/2020","03/31/2022","Commercial","4,500","Buildout for a start-up upscale and casual dining restaurant.","$86,716.69","$200,458.23",,,,"POINT (-87.58601 41.73574)"
"Wincorp Ventures","Adrienne Whitney","2838",,"W","Roosevelt","Rd","27","North Lawndale","04/29/2019","05/01/2024","Residential & Commercial",,"Renovations to the space to meet increased demand from their constituents. General renovations to the first and second floor.","$74,064.32","$266,368.62",,,,"POINT (-87.69745 41.86651)"
"Record Track","Yolanda Manuel","2805",,"E","87th","St","17","South Chicago","04/29/2019","08/30/2021",,,"Interior and exterior renovations of minority-owned, independent hardware store.","$39,014.17","$50,978.89",,,,"POINT (-87.55596 41.73732)"
"Osito's Tap (Moreno's Discount Liquor)","Mike Moreno","2553",,"S","Ridgeway","Av","22","South Lawndale","03/01/2018","07/01/2024","Commercial","1,500","Renovation of retail space for a taproom and liquor store.","$205,233.36","$421,053.97",,,,"POINT (-87.71845 41.84456)"
"Bitoy's Sweet Treats, Inc","Layla Bitoy","5957",,"W","Chicago","Av","29","Austin","06/12/2021","07/31/2023","Office & Commercial",,"Interior renovation for retail candy store.","$157,298.23","$246,267.5",,,,"POINT (-87.7744 41.89472)"
"GK Tops and Bottoms","Anis Kassim","3940",,"W","Madison","St","28","West Garfield Park","08/26/2022","12/02/2024","Commercial",,"Renovation of current retail store.","$88,750","$177,500",,,,"POINT (-87.72477 41.88074)"
"Street Vendors Association of Chicago","Beth Kregor","3654",,"W","16th","St","24","North Lawndale","04/29/2019","10/21/2024",,,"Buildout for shared kitchen.","$186,524.25","$219,005.25",,,,"POINT (-87.71739 41.85896)"
"The Park Manor 75, LLC","Jacare Thomas","600",,"E","75th","St","6","Greater Grand Crossing","11/30/2022","08/25/2025","Commercial","3,600","Charcuterie offering wine, charcuterie food, craft ales, and craft cocktails. Specifically, they will feature products from African-American vintners, craftsmen, and distilleries from across the world. Applicants have been curating experiences for hundreds of people for the last decade with much success. The space will be specifically designated as a wine and charcuterie bar, designed to provide three unique seating spaces to accommodate larger groups of up to ten, smaller groups between 4 and 6, and individual patrons.","$250,000","$357,496.49",,"11",,"POINT (-87.61008 41.7585)"
"Sip & Savor 47th, Inc.","Trez V. Pugh III","78",,"E","47th","St","3","Grand Boulevard","06/08/2017","03/31/2019","Residential & Commercial","1,400","Complete renovation/build-out of a storefront for coffee shop functionality","$94,250","$145,000",,,,"POINT (-87.62346 41.80926)"
"M &M Realty LLC","Manuel Martinez","1701",,"E","75th","St","22","South Shore","04/29/2019","06/30/2022",,,"Interior and exterior renovations for LatinX funeral home.","$96,563","$193,126",,,,"POINT (-87.5832 41.75879)"
"Tropical Optical Company [Tropical Optical Company]","Jim Arce","3624",,"W","26th","St","22","South Lawndale","08/27/2018","03/19/2025",,,"Exterior and interior renovations of a historic retail space for a full-service optical office.","$250,000","$574,652.24",,,,"POINT (-87.71574 41.84438)"
"AGB Investigative Services","Victor Pacheco","2445",,"W","71st","St","24","Chicago Lawn","04/29/2019","02/28/2023","Commercial","2,200","Interior and exterior renovation of existing pet store and grooming salon.","$104,974.38","$138,072.5",,"10","5","POINT (-87.68503 41.76467)"
"Quintana, Inc","Gloria Quintana","3050",,"W","Cermak","Rd","24","South Lawndale","12/22/2020","08/26/2024",,,"Interior and exterior renovations for an existingÂ multilingual solutions company","$239,961.45","$327,967.5",,,,"POINT (-87.70225 41.85181)"
"Full Video Production Services","Ra'oof Saleem","2226",,"E","71st","St","5","South Shore","04/29/2019","06/30/2022","Commercial","2,600","Interior buildout of commercial tenant space for video production business.","$37,490.23","$56,427.5",,,,"POINT (-87.5703 41.76629)"
"Verity Investments, LLC - Series 11","Brad Suster","6239",,"S","Ashland","Av","16","West Englewood","08/27/2018","09/30/2022","Commercial",,"Interior and exterior renovation of vacant commercial space for new tenant.","$154,396.5","$328,343",,,,"POINT (-87.6639 41.78038)"
"Jacaranda (Small Time Inc)","Roel Trevino","3608",,"W","26th","St","22","South Lawndale","04/29/2019","03/31/2022","Commercial","2,250","Renovations for a neighborhood tavern and lounge with back patio.","$85,087.57","$120,916.38",,,,"POINT (-87.71542 41.84458)"
"M Lounge (Kleo's Cafe) (M Lounge, Inc)","Youssef Majed","69",,"E","Garfield","Bv","8","Washington Park","04/29/2019","01/27/2025","Commercial","4,824","New construction for commercial and office uses, including wedding venue tenant.","$250,000","$503,985",,"12",,"POINT (-87.62287 41.79436)"
"Chubby's Char House","Itecha A. Lewis","5963",,"W","Madison","St","29","Austin","08/27/2018","09/30/2020","Residential & Commercial","3,200","Buildout of a restaurant that will hire and train ex-offenders.","$107,973.75","$143,965",,,,"POINT (-87.77428 41.87942)"
"South Side Community Art Center (SSCAC)","Monique Brinkman-Hill","3831",,"S","Michigan","Av","3","Douglas","08/27/2018","03/31/2022","Commercial","6,000","Comprehensive restoration of a City landmark building for an arts and culture organization.","$121,757.35","$243,514.7",,,,"POINT (-87.62243 41.82465)"
"Justice of the Pies","Maya-Camille Broussard","1500",,"E","87th","St","8","Avalon Park","12/22/2020","10/10/2023","Commercial",,"Build out of a retail bakery.","$250,000","$1,114,766.23",,,,"POINT (-87.58751 41.73714)"
"Mr. Anthony's Cleaners","Jae Yoon","5136",,"W","Chicago","Av","37","Austin","06/30/2020","09/11/2023","Commercial",,"Renovations for existing dry cleaner.","$90,480","$180,960",,,,"POINT (-87.75468 41.89495)"
"Chicago Human Rhythm Project","Lane Alexander","8701",,"S","Bennett","Av","8","Calumet Heights","07/12/2021","12/31/2024","Commercial",,"Finishing buildout for a performing arts center.","$207,700","$968,421",,,,"POINT (-87.57812 41.73683)"
"Essential Elements","Melanie Whaley","1640",,"E","87th","St","8","Avalon Park","03/01/2018","03/31/2019","Commercial","3,700","Interior and exterior renovation for retail clothing store.","$20,868.38","$41,736.75",,,,"POINT (-87.58359 41.73692)"
"Calahan Funeral Home","Edward Calahan","7030","7058","S","Halsted","St","16","Englewood","08/27/2018","12/31/2021","Commercial","7,200","Expansion of existing space for a funeral home and new parking.","$250,000","$576,593",,,,"POINT (-87.64479 41.76625)"
"Nova Driving School","Mayra Khan","5550",,"W","Fullerton","Av","31","Belmont Cragin","12/19/2021","04/08/2024",,,"Interior renovation for driving school to educate students to drive defensively by creating safe and responsible drivers.","$104,020.11","$208,750.22",,,,"POINT (-87.76534 41.92426)"
"Homan Grown","Annamaria Leon","3832","3858","W","16th","St","24","North Lawndale","06/08/2017","03/30/2022","Commercial","3,000","Construction of wholesale perennial nursery.","$50,223","$77,444",,"3",,"POINT (-87.72152 41.85892)"
"Tasa Coffee","Jacqueline Marquez","4136",,"W","North","Av","26","Humboldt Park","12/22/2020","02/28/2023","Commercial",,"Build out of new coffee shop and roastery","$249,378.52","$510,194.52",,,,"POINT (-87.7302 41.90984)"
"Scott Enterprises","Edmund Scott","11513",,"S","Michigan","Av","9","West Pullman","06/30/2020","12/31/2022","Office",,"Rehabilitation of existing office space.","$117,562.5","$156,750",,,,"POINT (-87.62074 41.68486)"
"The Quarry (Real Community Investment Group)","Yvette Moyo","2423",,"E","75th","St","7","South Shore","06/08/2017","03/31/2021","Commercial","7,600","Renovation of existing events center/food hub facility that incubates micro food businesses in shared commercial kitchen.","$32,850","$65,775.76",,"3",,"POINT (-87.56556 41.75899)"
"GN Bank","Aakaash Sreereddy","4619",,"S","Dr Marti Luther King","Dr","3","Grand Boulevard","04/29/2019","06/30/2021","Office","15,000","Renovation of black-owned, community bank in Chicago.","$28,817.05","$57,634.1",,,,"POINT (-87.61596 41.81067)"
"Doughboy's Chicago Cultural Refresh Internet Café","Darwin Norals","352",,"E","71st","St","6","Greater Grand Crossing","08/27/2018","12/31/2020","Residential & Commercial","10,000","Buildout of new restaurant specializing in soul food and other specialty items.","$100,143.75","$142,575",,,,"POINT (-87.61636 41.76569)"
"Leavitt Laundry, LLC","Richard Jenkins","2145",,"W","Cermak","Rd","25","Lower West Side","12/19/2021","12/01/2024",,,"Interior renovation for laundromat.","$136,612.49","$263,774.98",,,,"POINT (-87.68006 41.85211)"
"Wincorp Ventures","Winston Cockburn","2838",,"W","Roosevelt","Rd","28","North Lawndale","04/29/2019","07/30/2024","Residential & Commercial",,"Conversion of existing convenience store into small grocery with healthier food options.","$250,000","$360,468.28",,,,"POINT (-87.69745 41.86651)"
"Culvers","Baron Waller","11050",,"S","Doty","Av","9","Pullman","06/30/2020","01/31/2023","Commercial",,"New construction of a Culvers restaurant owned by a franchisee.","$250,000","$3,493,740.91",,,,"POINT (-87.59886 41.69434)"
"Black Planet Products","Michael Gilmore","107",,"W","95th","St","9","Roseland","12/19/2021","01/29/2024",,,"Interior renovation for a retail business that specializes in healthy cultural skin care, cosmetic, and fragrance products. We also periodically provide informational workshops concerning personal, cultural and wholistic matters in relation to our products and the community.","$10,295.46","$15,577.28",,,,"POINT (-87.6266 41.72163)"
"Original Soul Vegetarian (OSV, LLP)","Lori Carter Seay","203",,"E","75th","St","6","Greater Grand Crossing","06/08/2017","09/30/2021","Commercial","4,400","Acquisition and renovation of contiguous, 3-unit restaurant.","$250,000","$315,392",,"10","7","POINT (-87.61969 41.75833)"
"Linda's Sports Shoes (Pena's Shoes, Inc)","Adolfo Pena","3236",,"W","26th","St","25","South Lawndale","08/27/2018","06/30/2019","Commercial","3,000","Renovations to retail space for an existing sportswear retailer.","$22,262.5","$44,525",,,,"POINT (-87.70652 41.84451)"
"Reggio's Pizza","Clifton Muhammad","4438",,"S","Cottage Grove","Av","7","Grand Boulevard","12/19/2021","03/19/2025","Residential & Commercial",,"Interior renovation for interactive music experience and learning space.","$210,283.76","$280,378.35",,,,"POINT (-87.60668 41.81464)"
"Gallery Guichard, LLC","Frances Guichard","446","450","E","47th","St","3","Grand Boulevard","06/08/2017","09/30/2017","Residential & Commercial","3,000","Acquisition and renovation of vacant lot for new sculpture garden.","$15,000","$150,925",,,,"POINT (-87.61438 41.80943)"
"Emanuel's Chapel Funeral Home","Emanuel Jones","5112",,"S","Western","Av","15","Gage Park","03/01/2018","03/31/2020","Commercial","10,578","Acquisition with interior and exterior building renovations.","$194,155","$337,000",,,,"POINT (-87.68464 41.80055)"
"KC Body Shop Supply","Kurt Casas","6027",,"S","Kedzie","Av","14","Chicago Lawn","06/30/2020","06/30/2022","Commercial","5,800","Exterior renovations for paint store.","$97,677.71","$128,653.6",,,,"POINT (-87.70309 41.78353)"
"Claretian Associates, Inc.","Darlicia Johnson","3039",,"E","91st","St","10","South Chicago","04/29/2019","12/31/2022","Residential & Commercial",,"Renovation for a non-profit that provides housing and vital services in South Chicago.","$250,000","$11,508,128.92",,,,"POINT (-87.54917 41.73007)"
"Tom's Place","Bruce Wellems","1509",,"W","47th","St","20","New City","04/29/2019","09/30/2021","Residential & Commercial",,"Acquisition and buildout for a start-up family-oriented diner offer an ?American breakfast.? They will collaborate with nearby culinary schools to offer workforce training opportunities.","$249,519.83","$316,903.04",,,,"POINT (-87.66295 41.80862)"
"Ambassador Floral","John Griffin Jr.","11045",,"S","Halsted","St","17","Roseland","04/29/2019","09/30/2021","Commercial",,"Interior renovations to existing commercial space for an investigative services business.","$59,000","$138,220",,,,"POINT (-87.64204 41.69264)"
"Primestor 119","Todd Kolba","11700",,"S","Marshfield","Av","21","Morgan Park","03/01/2018","03/31/2019","Commercial","18,000","Interior and exterior renovation of an existing space in commercial shopping center for a clothing retailer.","$167,256.55","$335,603",,,,"POINT (-87.6639 41.68089)"
"South Shore Brew","Cory & Jennifer Barnes","1745",,"E","71st","St","7","South Shore","06/08/2017","12/31/2019","Residential & Commercial","878","Buildout of coffee shop with  breakfast and brunch offerings.","$98,420.24","$152,618.75",,,,"POINT (-87.58195 41.76602)"
"Iyanze Bronze","Emmanuel Abidemi","308",,"E","51st","St","3","Grand Boulevard","06/08/2017","01/31/2023","Commercial",,"Buildout of 2nd location of Nigerian restaurant in Bronzeville Cookin' building.","$126,014.54","$206,634.8",,,,"POINT (-87.61888 41.80208)"
"Chicago Body Shop, LLC","Dionis Harvey","2049",,"E","79th","St","8","South Chicago","07/12/2021","09/27/2023","Commercial",,"Build out of a personal fitness studio","$250,000","$411,308.66",,,,"POINT (-87.57402 41.75164)"
"National Park Foundation","Janet L. Rupp","11057",,"S","Cottage Grove","Av","9","Pullman","08/27/2018","06/30/2022","Office & Commercial",,"Buildout of Visitors' Center at the National Pullman Monument Park.","$250,000","$14,658,296.42",,,,"POINT (-87.60977 41.69318)"
"Love Dental","Marie","11139",,"S","Halsted","St","21","Roseland","04/29/2019","06/30/2021","Commercial","2,300","Renovations to the parking lot for a dental practice.","$44,850","$62,674",,"1","0","POINT (-87.64195 41.69125)"
"Shawn Michelle's Churned Homemade Ice Cream, Inc","Yahya Muhammad","56",,"E","47th","St","3","Grand Boulevard","06/08/2017","03/31/2019","Residential & Commercial","1,441","Buildout of an ice cream parlor and warm pie pantry.","$58,246.89","$89,610.59",,,,"POINT (-87.62415 41.80926)"
"Urban Luxe Cafe","Dwan Stevens","2911",,"E","79th","St","7","South Chicago","07/12/2021","07/30/2024",,,"Interior renovation for a restaurant to create an enchanting and nurturing space in Englewood, Chicago's South Side, where fresh, high-quality foods, community partnerships, and artistic expression come together to uplift and empower our vibrant community.","$151,521","$217,600",,,,"POINT (-87.55348 41.75165)"
"R. H. Sneed","Shari Wilson","1650",,"W","79th","St","4","Auburn Gresham","07/12/2021","08/21/2024","Commercial","1,000","Build out of a new Reggio's Pizza restaurant in the 4400 Grove Development","$227,500","$503,639.5",,"0","1","POINT (-87.66547 41.75032)"
"Teatro Tariakuri","Karla Galvan","3117",,"W","63rd","St","15","Chicago Lawn","04/29/2019","03/31/2021","Residential & Commercial","7,400","Exterior renovation of an existing, bilingual dance theatre company.","$41,996.25","$56,907",,,,"POINT (-87.70145 41.77898)"
